date,confirmed,death,recovered,new_case_excludeabroad,total_case,total_case_excludeabroad,total_death,total_recovered,update_date
2020-01-12,1,0,0,0,1,0,0,0,2022-06-30 7:26
2020-01-13,0,0,0,0,1,0,0,0,2022-06-29 18:09
2020-01-14,0,0,0,0,1,0,0,0,2022-06-29 18:09
2020-01-15,0,0,0,0,1,0,0,0,2022-06-29 18:09
2020-01-16,0,0,0,0,1,0,0,0,2022-06-29 18:09
2020-01-17,1,0,0,0,2,0,0,0,2022-06-30 7:26
2020-01-18,0,0,0,0,2,0,0,0,2022-06-29 18:09
2020-01-19,0,0,0,0,2,0,0,0,2022-06-29 18:09
2020-01-20,0,0,0,0,2,0,0,0,2022-06-29 18:09
2020-01-21,0,0,0,0,2,0,0,0,2022-06-29 18:09
2020-01-22,2,0,0,0,4,0,0,0,2022-06-30 7:26
2020-01-23,0,0,0,0,4,0,0,0,2022-06-29 18:09
2020-01-24,1,0,0,0,5,0,0,0,2022-06-30 7:26
2020-01-25,1,0,0,0,6,0,0,0,2022-06-30 7:26
2020-01-26,2,0,0,0,8,0,0,0,2022-06-30 7:26
2020-01-27,0,0,0,0,8,0,0,0,2022-06-29 18:09
2020-01-28,6,0,0,3,14,3,0,0,2022-06-30 7:26
2020-01-29,0,0,0,0,14,3,0,0,2022-06-29 18:09
2020-01-30,0,0,0,0,14,3,0,0,2022-06-29 18:09
2020-01-31,5,0,0,1,19,4,0,0,2022-06-30 7:26
2020-02-01,0,0,0,0,19,4,0,0,2022-06-29 18:09
2020-02-02,0,0,0,0,19,4,0,0,2022-06-29 18:09
2020-02-03,0,0,0,0,19,4,0,0,2022-06-29 18:09
2020-02-04,6,0,0,2,25,6,0,0,2022-06-30 7:26
2020-02-05,0,0,0,0,25,6,0,0,2022-06-29 18:09
2020-02-06,0,0,0,0,25,6,0,0,2022-06-29 18:09
2020-02-07,0,0,0,0,25,6,0,0,2022-06-29 18:09
2020-02-08,7,0,0,5,32,11,0,0,2022-06-30 7:26
2020-02-09,0,0,0,0,32,11,0,0,2022-06-29 18:09
2020-02-10,0,0,0,0,32,11,0,0,2022-06-29 18:09
2020-02-11,1,0,0,1,33,12,0,0,2022-06-30 7:26
2020-02-12,0,0,0,0,33,12,0,0,2022-06-29 18:09
2020-02-13,0,0,0,0,33,12,0,0,2022-06-29 18:09
2020-02-14,0,0,0,0,33,12,0,0,2022-06-29 18:09
2020-02-15,1,0,0,1,34,13,0,0,2022-06-30 7:26
2020-02-16,0,0,0,0,34,13,0,0,2022-06-29 18:09
2020-02-17,1,0,0,1,35,14,0,0,2022-06-30 7:26
2020-02-18,0,0,0,0,35,14,0,0,2022-06-29 18:09
2020-02-19,0,0,0,0,35,14,0,0,2022-06-29 18:09
2020-02-20,0,0,0,0,35,14,0,0,2022-06-29 18:09
2020-02-21,0,0,0,0,35,14,0,0,2022-06-29 18:09
2020-02-22,0,0,0,0,35,14,0,0,2022-06-29 18:09
2020-02-23,0,0,0,0,35,14,0,0,2022-06-29 18:09
2020-02-24,0,0,0,0,35,14,0,0,2022-06-29 18:09
2020-02-25,2,0,0,2,37,16,0,0,2022-06-30 7:26
2020-02-26,3,0,0,2,40,18,0,0,2022-06-30 7:26
2020-02-27,0,0,0,0,40,18,0,0,2022-06-29 18:09
2020-02-28,1,0,0,0,41,18,0,0,2022-06-30 7:26
2020-02-29,1,0,0,1,42,19,0,0,2022-06-30 7:26
2020-03-01,0,1,0,0,42,19,1,0,2022-06-29 18:09
2020-03-02,1,0,0,1,43,20,1,0,2022-06-30 7:26
2020-03-03,0,0,0,0,43,20,1,0,2022-06-29 18:09
2020-03-04,0,0,0,0,43,20,1,0,2022-06-29 18:09
2020-03-05,4,0,0,0,47,20,1,0,2022-06-30 7:26
2020-03-06,1,0,0,0,48,20,1,0,2022-06-30 7:26
2020-03-07,2,0,0,0,50,20,1,0,2022-06-30 7:26
2020-03-08,0,0,0,0,50,20,1,0,2022-06-29 18:09
2020-03-09,0,0,0,0,50,20,1,0,2022-06-29 18:09
2020-03-10,3,0,33,2,53,22,1,33,2022-06-30 7:26
2020-03-11,6,0,1,5,59,27,1,34,2022-06-30 7:26
2020-03-12,13,0,1,13,72,40,1,35,2022-06-30 7:26
2020-03-13,3,0,0,0,75,40,1,35,2022-06-30 7:26
2020-03-14,7,0,0,5,82,45,1,35,2022-06-30 7:26
2020-03-15,32,0,2,22,114,67,1,37,2022-06-30 7:26
2020-03-16,33,0,1,23,147,90,1,38,2022-06-30 7:26
2020-03-17,30,0,3,18,177,108,1,41,2022-06-30 7:26
2020-03-18,35,0,1,35,212,143,1,42,2022-06-30 7:26
2020-03-19,60,0,0,46,272,189,1,42,2022-06-30 7:26
2020-03-20,50,0,1,39,322,228,1,43,2022-06-30 7:26
2020-03-21,89,0,1,74,411,302,1,44,2022-06-30 7:26
2020-03-22,188,0,1,162,599,464,1,45,2022-06-30 7:26
2020-03-23,122,0,7,104,721,568,1,52,2022-06-30 7:26
2020-03-24,106,4,5,74,827,642,5,57,2022-06-30 7:26
2020-03-25,107,0,13,79,934,721,5,70,2022-06-30 7:26
2020-03-26,111,0,18,93,1045,814,5,88,2022-06-30 7:26
2020-03-27,91,0,9,74,1136,888,5,97,2022-06-30 7:26
2020-03-28,108,1,3,90,1244,978,6,100,2022-06-30 7:26
2020-03-29,141,1,11,121,1385,1099,7,111,2022-06-30 7:26
2020-03-30,138,2,16,117,1523,1216,9,127,2022-06-30 7:26
2020-03-31,128,1,215,103,1651,1319,10,342,2022-06-30 7:26
2020-04-01,120,2,74,87,1771,1406,12,416,2022-06-30 7:26
2020-04-02,104,3,89,80,1875,1486,15,505,2022-06-30 7:26
2020-04-03,103,4,76,78,1978,1564,19,581,2022-06-30 7:26
2020-04-04,89,1,31,67,2067,1631,20,612,2022-06-30 7:26
2020-04-05,102,3,62,86,2169,1717,23,674,2022-06-30 7:26
2020-04-06,51,3,119,46,2220,1763,26,793,2022-06-30 7:26
2020-04-07,38,1,31,35,2258,1798,27,824,2022-06-30 7:26
2020-04-08,111,5,64,66,2369,1864,32,888,2022-06-30 7:26
2020-04-09,54,0,52,44,2423,1908,32,940,2022-06-30 7:26
2020-04-10,50,1,73,47,2473,1955,33,1013,2022-06-30 7:26
2020-04-11,45,2,122,33,2518,1988,35,1135,2022-06-30 7:26
2020-04-12,33,3,83,28,2551,2016,38,1218,2022-06-30 7:26
2020-04-13,28,2,70,24,2579,2040,40,1288,2022-06-30 7:26
2020-04-14,34,1,117,31,2613,2071,41,1405,2022-06-30 7:26
2020-04-15,30,2,92,27,2643,2098,43,1497,2022-06-30 7:26
2020-04-16,29,3,96,27,2672,2125,46,1593,2022-06-30 7:26
2020-04-17,28,1,96,27,2700,2152,47,1689,2022-06-30 7:26
2020-04-18,33,0,98,27,2733,2179,47,1787,2022-06-30 7:26
2020-04-19,32,0,141,27,2765,2206,47,1928,2022-06-30 7:26
2020-04-20,27,0,71,24,2792,2230,47,1999,2022-06-30 7:26
2020-04-21,19,2,109,17,2811,2247,49,2108,2022-06-30 7:26
2020-04-22,15,0,244,14,2826,2261,49,2352,2022-06-30 7:26
2020-04-23,13,1,78,12,2839,2273,50,2430,2022-06-30 7:26
2020-04-24,15,0,60,14,2854,2287,50,2490,2022-06-30 7:26
2020-04-25,53,1,57,53,2907,2340,51,2547,2022-06-30 7:26
2020-04-26,15,0,47,10,2922,2350,51,2594,2022-06-30 7:26
2020-04-27,9,1,15,7,2931,2357,52,2609,2022-06-30 7:26
2020-04-28,7,2,43,7,2938,2364,54,2652,2022-06-30 7:26
2020-04-29,9,0,13,9,2947,2373,54,2665,2022-06-30 7:26
2020-04-30,7,0,22,4,2954,2377,54,2687,2022-06-30 7:26
2020-05-01,6,0,32,6,2960,2383,54,2719,2022-06-30 7:26
2020-05-02,6,0,13,4,2966,2387,54,2732,2022-06-30 7:26
2020-05-03,3,0,7,2,2969,2389,54,2739,2022-06-30 7:26
2020-05-04,18,0,1,18,2987,2407,54,2740,2022-06-30 7:26
2020-05-05,1,0,7,1,2988,2408,54,2747,2022-06-30 7:26
2020-05-06,1,1,14,0,2989,2408,55,2761,2022-06-30 7:26
2020-05-07,3,0,11,1,2992,2409,55,2772,2022-06-30 7:26
2020-05-08,8,0,12,8,3000,2417,55,2784,2022-06-30 7:26
2020-05-09,4,1,3,4,3004,2421,56,2787,2022-06-30 7:26
2020-05-10,5,0,7,2,3009,2423,56,2794,2022-06-30 7:26
2020-05-11,6,0,2,6,3015,2429,56,2796,2022-06-30 7:26
2020-05-12,2,0,2,2,3017,2431,56,2798,2022-06-30 7:26
2020-05-13,0,0,46,0,3017,2431,56,2844,2022-06-29 18:09
2020-05-14,1,0,6,1,3018,2432,56,2850,2022-06-30 7:26
2020-05-15,7,0,4,0,3025,2432,56,2854,2022-06-30 7:26
2020-05-16,0,0,1,0,3025,2432,56,2855,2022-06-29 18:09
2020-05-17,3,0,1,0,3028,2432,56,2856,2022-06-30 7:26
2020-05-18,3,0,1,3,3031,2435,56,2857,2022-06-30 7:26
2020-05-19,2,0,0,2,3033,2437,56,2857,2022-06-30 7:26
2020-05-20,1,0,31,0,3034,2437,56,2888,2022-06-30 7:26
2020-05-21,3,0,9,2,3037,2439,56,2897,2022-06-30 7:26
2020-05-22,0,0,13,0,3037,2439,56,2910,2022-06-29 18:09
2020-05-23,3,0,6,1,3040,2440,56,2916,2022-06-30 7:26
2020-05-24,0,1,5,0,3040,2440,57,2921,2022-06-29 18:09
2020-05-25,2,0,7,1,3042,2441,57,2928,2022-06-30 7:26
2020-05-26,3,0,1,0,3045,2441,57,2929,2022-06-30 7:26
2020-05-27,9,0,2,0,3054,2441,57,2931,2022-06-30 7:26
2020-05-28,11,0,14,0,3065,2441,57,2945,2022-06-30 7:26
2020-05-29,11,0,0,0,3076,2441,57,2945,2022-06-30 7:26
2020-05-30,1,0,16,0,3077,2441,57,2961,2022-06-30 7:26
2020-05-31,4,0,2,0,3081,2441,57,2963,2022-06-30 7:26
2020-06-01,1,0,2,0,3082,2441,57,2965,2022-06-30 7:26
2020-06-02,1,1,1,0,3083,2441,58,2966,2022-06-30 7:26
2020-06-03,1,0,2,0,3084,2441,58,2968,2022-06-30 7:26
2020-06-04,17,0,0,0,3101,2441,58,2968,2022-06-30 7:26
2020-06-05,1,0,3,0,3102,2441,58,2971,2022-06-30 7:26
2020-06-06,2,0,0,0,3104,2441,58,2971,2022-06-30 7:26
2020-06-07,8,0,1,0,3112,2441,58,2972,2022-06-30 7:26
2020-06-08,7,0,1,0,3119,2441,58,2973,2022-06-30 7:26
2020-06-09,2,0,0,0,3121,2441,58,2973,2022-06-30 7:26
2020-06-10,4,0,8,0,3125,2441,58,2981,2022-06-30 7:26
2020-06-11,0,0,6,0,3125,2441,58,2987,2022-06-29 18:09
2020-06-12,4,0,0,0,3129,2441,58,2987,2022-06-30 7:26
2020-06-13,5,0,0,0,3134,2441,58,2987,2022-06-30 7:26
2020-06-14,1,0,0,0,3135,2441,58,2987,2022-06-30 7:26
2020-06-15,0,0,0,0,3135,2441,58,2987,2022-06-29 18:09
2020-06-16,0,0,6,0,3135,2441,58,2993,2022-06-29 18:09
2020-06-17,0,0,3,0,3135,2441,58,2996,2022-06-29 18:09
2020-06-18,6,0,1,0,3141,2441,58,2997,2022-06-30 7:26
2020-06-19,5,0,11,0,3146,2441,58,3008,2022-06-30 7:26
2020-06-20,1,0,10,0,3147,2441,58,3018,2022-06-30 7:26
2020-06-21,1,0,0,0,3148,2441,58,3018,2022-06-30 7:26
2020-06-22,3,0,4,0,3151,2441,58,3022,2022-06-30 7:26
2020-06-23,5,0,1,0,3156,2441,58,3023,2022-06-30 7:26
2020-06-24,1,0,3,0,3157,2441,58,3026,2022-06-30 7:26
2020-06-25,1,0,12,0,3158,2441,58,3038,2022-06-30 7:26
2020-06-26,4,0,2,0,3162,2441,58,3040,2022-06-30 7:26
2020-06-27,0,0,13,0,3162,2441,58,3053,2022-06-29 18:09
2020-06-28,0,0,0,0,3162,2441,58,3053,2022-06-29 18:09
2020-06-29,7,0,0,0,3169,2441,58,3053,2022-06-30 7:26
2020-06-30,2,0,3,0,3171,2441,58,3056,2022-06-30 7:26
2020-07-01,2,0,3,0,3173,2441,58,3059,2022-06-30 7:26
2020-07-02,6,0,0,0,3179,2441,58,3059,2022-06-30 7:26
2020-07-03,1,0,7,0,3180,2441,58,3066,2022-06-30 7:26
2020-07-04,5,0,0,0,3185,2441,58,3066,2022-06-30 7:26
2020-07-05,5,0,5,0,3190,2441,58,3071,2022-06-30 7:26
2020-07-06,5,0,1,0,3195,2441,58,3072,2022-06-30 7:26
2020-07-07,0,0,0,0,3195,2441,58,3072,2022-06-29 18:09
2020-07-08,2,0,2,0,3197,2441,58,3074,2022-06-30 7:26
2020-07-09,5,0,11,0,3202,2441,58,3085,2022-06-30 7:26
2020-07-10,0,0,2,0,3202,2441,58,3087,2022-06-29 18:09
2020-07-11,14,0,1,0,3216,2441,58,3088,2022-06-30 7:26
2020-07-12,1,0,0,0,3217,2441,58,3088,2022-06-30 7:26
2020-07-13,3,0,2,0,3220,2441,58,3090,2022-06-30 7:26
2020-07-14,7,0,1,0,3227,2441,58,3091,2022-06-30 7:26
2020-07-15,5,0,1,0,3232,2441,58,3092,2022-06-30 7:26
2020-07-16,4,0,3,0,3236,2441,58,3095,2022-06-30 7:26
2020-07-17,3,0,1,0,3239,2441,58,3096,2022-06-30 7:26
2020-07-18,7,0,0,0,3246,2441,58,3096,2022-06-30 7:26
2020-07-19,3,0,0,0,3249,2441,58,3096,2022-06-30 7:26
2020-07-20,1,0,0,0,3250,2441,58,3096,2022-06-30 7:26
2020-07-21,5,0,9,0,3255,2441,58,3105,2022-06-30 7:26
2020-07-22,6,0,0,0,3261,2441,58,3105,2022-06-30 7:26
2020-07-23,8,0,0,0,3269,2441,58,3105,2022-06-30 7:26
2020-07-24,10,0,2,0,3279,2441,58,3107,2022-06-30 7:26
2020-07-25,3,0,2,0,3282,2441,58,3109,2022-06-30 7:26
2020-07-26,9,0,0,0,3291,2441,58,3109,2022-06-30 7:26
2020-07-27,4,0,2,0,3295,2441,58,3111,2022-06-30 7:26
2020-07-28,2,0,0,0,3297,2441,58,3111,2022-06-30 7:26
2020-07-29,1,0,0,0,3298,2441,58,3111,2022-06-30 7:26
2020-07-30,6,0,0,0,3304,2441,58,3111,2022-06-30 7:26
2020-07-31,6,0,14,0,3310,2441,58,3125,2022-06-30 7:26
2020-08-01,2,0,10,0,3312,2441,58,3135,2022-06-30 7:26
2020-08-02,5,0,7,0,3317,2441,58,3142,2022-06-30 7:26
2020-08-03,3,0,0,0,3320,2441,58,3142,2022-06-30 7:26
2020-08-04,1,0,0,0,3321,2441,58,3142,2022-06-30 7:26
2020-08-05,7,0,2,0,3328,2441,58,3144,2022-06-30 7:26
2020-08-06,2,0,4,0,3330,2441,58,3148,2022-06-30 7:26
2020-08-07,15,0,0,0,3345,2441,58,3148,2022-06-30 7:26
2020-08-08,3,0,2,0,3348,2441,58,3150,2022-06-30 7:26
2020-08-09,3,0,1,0,3351,2441,58,3151,2022-06-30 7:26
2020-08-10,0,0,9,0,3351,2441,58,3160,2022-06-29 18:09
2020-08-11,0,0,3,0,3351,2441,58,3163,2022-06-29 18:09
2020-08-12,5,0,6,0,3356,2441,58,3169,2022-06-30 7:26
2020-08-13,3,0,0,0,3359,2441,58,3169,2022-06-30 7:26
2020-08-14,17,0,4,0,3376,2441,58,3173,2022-06-30 7:26
2020-08-15,0,0,20,0,3376,2441,58,3193,2022-06-29 18:09
2020-08-16,1,0,1,0,3377,2441,58,3194,2022-06-30 7:26
2020-08-17,1,0,0,0,3378,2441,58,3194,2022-06-30 7:26
2020-08-18,3,0,4,0,3381,2441,58,3198,2022-06-30 7:26
2020-08-19,1,0,1,0,3382,2441,58,3199,2022-06-30 7:26
2020-08-20,7,0,19,0,3389,2441,58,3218,2022-06-30 7:26
2020-08-21,1,0,1,0,3390,2441,58,3219,2022-06-30 7:26
2020-08-22,0,0,1,0,3390,2441,58,3220,2022-06-29 18:09
2020-08-23,5,0,1,0,3395,2441,58,3221,2022-06-30 7:26
2020-08-24,2,0,1,0,3397,2441,58,3222,2022-06-30 7:26
2020-08-25,5,0,7,0,3402,2441,58,3229,2022-06-30 7:26
2020-08-26,1,0,8,0,3403,2441,58,3237,2022-06-30 7:26
2020-08-27,1,0,0,0,3404,2441,58,3237,2022-06-30 7:26
2020-08-28,6,0,0,0,3410,2441,58,3237,2022-06-30 7:26
2020-08-29,1,0,5,0,3411,2441,58,3242,2022-06-30 7:26
2020-08-30,0,0,10,0,3411,2441,58,3252,2022-06-29 18:09
2020-08-31,1,0,0,0,3412,2441,58,3252,2022-06-30 7:26
2020-09-01,5,0,22,0,3417,2441,58,3274,2022-06-30 7:26
2020-09-02,8,0,0,0,3425,2441,58,3274,2022-06-30 7:26
2020-09-03,2,0,3,0,3427,2441,58,3277,2022-06-30 7:26
2020-09-04,4,0,0,1,3431,2442,58,3277,2022-06-30 7:26
2020-09-05,7,0,2,0,3438,2442,58,3279,2022-06-30 7:26
2020-09-06,6,0,2,0,3444,2442,58,3281,2022-06-30 7:26
2020-09-07,1,0,0,0,3445,2442,58,3281,2022-06-30 7:26
2020-09-08,1,0,3,0,3446,2442,58,3284,2022-06-30 7:26
2020-09-09,1,0,2,0,3447,2442,58,3286,2022-06-30 7:26
2020-09-10,7,0,24,0,3454,2442,58,3310,2022-06-30 7:26
2020-09-11,7,0,2,0,3461,2442,58,3312,2022-06-30 7:26
2020-09-12,5,0,0,0,3466,2442,58,3312,2022-06-30 7:26
2020-09-13,7,0,0,0,3473,2442,58,3312,2022-06-30 7:26
2020-09-14,2,0,0,0,3475,2442,58,3312,2022-06-30 7:26
2020-09-15,5,0,3,0,3480,2442,58,3315,2022-06-30 7:26
2020-09-16,10,0,1,0,3490,2442,58,3316,2022-06-30 7:26
2020-09-17,0,0,9,0,3490,2442,58,3325,2022-06-29 18:09
2020-09-18,7,1,3,0,3497,2442,59,3328,2022-06-30 7:26
2020-09-19,3,0,10,0,3500,2442,59,3338,2022-06-30 7:26
2020-09-20,6,0,2,0,3506,2442,59,3340,2022-06-30 7:26
2020-09-21,0,0,2,0,3506,2442,59,3342,2022-06-29 18:09
2020-09-22,5,0,1,0,3511,2442,59,3343,2022-06-30 7:26
2020-09-23,3,0,2,0,3514,2442,59,3345,2022-06-30 7:26
2020-09-24,2,0,8,0,3516,2442,59,3353,2022-06-30 7:26
2020-09-25,3,0,7,0,3519,2442,59,3360,2022-06-30 7:26
2020-09-26,3,0,2,0,3522,2442,59,3362,2022-06-30 7:26
2020-09-27,1,0,5,0,3523,2442,59,3367,2022-06-30 7:26
2020-09-28,22,0,2,0,3545,2442,59,3369,2022-06-30 7:26
2020-09-29,14,0,1,0,3559,2442,59,3370,2022-06-30 7:26
2020-09-30,5,0,4,0,3564,2442,59,3374,2022-06-30 7:26
2020-10-01,5,0,5,0,3569,2442,59,3379,2022-06-30 7:26
2020-10-02,6,0,5,0,3575,2442,59,3384,2022-06-30 7:26
2020-10-03,8,0,2,0,3583,2442,59,3386,2022-06-30 7:26
2020-10-04,2,0,2,0,3585,2442,59,3388,2022-06-30 7:26
2020-10-05,5,0,2,0,3590,2442,59,3390,2022-06-30 7:26
2020-10-06,10,0,0,0,3600,2442,59,3390,2022-06-30 7:26
2020-10-07,15,0,1,0,3615,2442,59,3391,2022-06-30 7:26
2020-10-08,7,0,48,0,3622,2442,59,3439,2022-06-30 7:26
2020-10-09,6,0,2,0,3628,2442,59,3441,2022-06-30 7:26
2020-10-10,6,0,4,0,3634,2442,59,3445,2022-06-30 7:26
2020-10-11,2,0,6,0,3636,2442,59,3451,2022-06-30 7:26
2020-10-12,5,0,3,0,3641,2442,59,3454,2022-06-30 7:26
2020-10-13,2,0,3,0,3643,2442,59,3457,2022-06-30 7:26
2020-10-14,9,0,0,0,3652,2442,59,3457,2022-06-30 7:26
2020-10-15,13,0,6,0,3665,2442,59,3463,2022-06-30 7:26
2020-10-16,4,0,4,0,3669,2442,59,3467,2022-06-30 7:26
2020-10-17,10,0,11,2,3679,2444,59,3478,2022-06-30 7:26
2020-10-18,7,0,3,3,3686,2447,59,3481,2022-06-30 7:26
2020-10-19,5,0,7,0,3691,2447,59,3488,2022-06-30 7:26
2020-10-20,9,0,3,0,3700,2447,59,3491,2022-06-30 7:26
2020-10-21,9,0,4,0,3709,2447,59,3495,2022-06-30 7:26
2020-10-22,10,0,19,0,3719,2447,59,3514,2022-06-30 7:26
2020-10-23,8,0,4,0,3727,2447,59,3518,2022-06-30 7:26
2020-10-24,4,0,11,1,3731,2448,59,3529,2022-06-30 7:26
2020-10-25,5,0,1,0,3736,2448,59,3530,2022-06-30 7:26
2020-10-26,7,0,13,0,3743,2448,59,3543,2022-06-30 7:26
2020-10-27,3,0,8,0,3746,2448,59,3551,2022-06-30 7:26
2020-10-28,12,0,10,0,3758,2448,59,3561,2022-06-30 7:26
2020-10-29,5,0,9,0,3763,2448,59,3570,2022-06-30 7:26
2020-10-30,12,0,15,0,3775,2448,59,3585,2022-06-30 7:26
2020-10-31,5,0,5,0,3780,2448,59,3590,2022-06-30 7:26
2020-11-01,4,0,2,0,3784,2448,59,3592,2022-06-30 7:26
2020-11-02,3,0,3,0,3787,2448,59,3595,2022-06-30 7:26
2020-11-03,10,0,10,0,3797,2448,59,3605,2022-06-30 7:26
2020-11-04,7,0,7,0,3804,2448,59,3612,2022-06-30 7:26
2020-11-05,6,0,11,0,3810,2448,59,3623,2022-06-30 7:26
2020-11-06,8,1,16,0,3818,2448,60,3639,2022-06-30 7:26
2020-11-07,12,0,5,1,3830,2449,60,3644,2022-06-30 7:26
2020-11-08,7,0,10,0,3837,2449,60,3654,2022-06-30 7:26
2020-11-09,3,0,7,0,3840,2449,60,3661,2022-06-30 7:26
2020-11-10,4,0,9,1,3844,2450,60,3670,2022-06-30 7:26
2020-11-11,3,0,15,0,3847,2450,60,3685,2022-06-30 7:26
2020-11-12,5,0,8,0,3852,2450,60,3693,2022-06-30 7:26
2020-11-13,9,0,4,0,3861,2450,60,3697,2022-06-30 7:26
2020-11-14,5,0,10,0,3866,2450,60,3707,2022-06-30 7:26
2020-11-15,8,0,8,0,3874,2450,60,3715,2022-06-30 7:26
2020-11-16,1,0,6,0,3875,2450,60,3721,2022-06-30 7:26
2020-11-17,3,0,3,0,3878,2450,60,3724,2022-06-30 7:26
2020-11-18,2,0,5,0,3880,2450,60,3729,2022-06-30 7:26
2020-11-19,8,0,13,0,3888,2450,60,3742,2022-06-30 7:26
2020-11-20,4,0,3,0,3892,2450,60,3745,2022-06-30 7:26
2020-11-21,10,0,11,0,3902,2450,60,3756,2022-06-30 7:26
2020-11-22,11,0,5,0,3913,2450,60,3761,2022-06-30 7:26
2020-11-23,7,0,5,0,3920,2450,60,3766,2022-06-30 7:26
2020-11-24,2,0,6,0,3922,2450,60,3772,2022-06-30 7:26
2020-11-25,4,0,8,0,3926,2450,60,3780,2022-06-30 7:26
2020-11-26,16,0,8,0,3942,2450,60,3788,2022-06-30 7:26
2020-11-27,19,0,2,0,3961,2450,60,3790,2022-06-30 7:26
2020-11-28,5,0,8,0,3966,2450,60,3798,2022-06-30 7:26
2020-11-29,11,0,2,0,3977,2450,60,3800,2022-06-30 7:26
2020-11-30,21,0,3,0,3998,2450,60,3803,2022-06-30 7:26
2020-12-01,10,0,8,0,4008,2450,60,3811,2022-06-30 7:26
2020-12-02,18,0,11,0,4026,2450,60,3822,2022-06-30 7:26
2020-12-03,13,0,10,0,4039,2450,60,3832,2022-06-30 7:26
2020-12-04,14,0,7,1,4053,2451,60,3839,2022-06-30 7:26
2020-12-05,19,0,9,2,4072,2453,60,3848,2022-06-30 7:26
2020-12-06,14,0,5,2,4086,2455,60,3853,2022-06-30 7:26
2020-12-07,21,0,15,0,4107,2455,60,3868,2022-06-30 7:26
2020-12-08,19,0,6,4,4126,2459,60,3874,2022-06-30 7:26
2020-12-09,25,0,6,0,4151,2459,60,3880,2022-06-30 7:26
2020-12-10,18,0,8,1,4169,2460,60,3888,2022-06-30 7:26
2020-12-11,11,0,15,0,4180,2460,60,3903,2022-06-30 7:26
2020-12-12,12,0,12,0,4192,2460,60,3915,2022-06-30 7:26
2020-12-13,17,0,8,0,4209,2460,60,3923,2022-06-30 7:26
2020-12-14,28,0,17,1,4237,2461,60,3940,2022-06-30 7:26
2020-12-15,9,0,9,0,4246,2461,60,3949,2022-06-30 7:26
2020-12-16,15,0,28,0,4261,2461,60,3977,2022-06-30 7:26
2020-12-17,20,0,12,0,4281,2461,60,3989,2022-06-30 7:26
2020-12-18,16,0,16,1,4297,2462,60,4005,2022-06-30 7:26
2020-12-19,34,0,19,12,4331,2474,60,4024,2022-06-30 7:26
2020-12-20,576,0,17,535,4907,3009,60,4041,2022-06-30 7:26
2020-12-21,382,0,12,374,5289,3383,60,4053,2022-06-30 7:26
2020-12-22,427,0,25,413,5716,3796,60,4078,2022-06-30 7:26
2020-12-23,46,0,17,39,5762,3835,60,4095,2022-06-30 7:26
2020-12-24,67,0,21,58,5829,3893,60,4116,2022-06-30 7:26
2020-12-25,81,0,21,72,5910,3965,60,4137,2022-06-30 7:26
2020-12-26,110,0,15,94,6020,4059,60,4152,2022-06-30 7:26
2020-12-27,121,0,9,112,6141,4171,60,4161,2022-06-30 7:26
2020-12-28,144,0,19,129,6285,4300,60,4180,2022-06-30 7:26
2020-12-29,155,1,4,145,6440,4445,61,4184,2022-06-30 7:26
2020-12-30,250,0,28,236,6690,4681,61,4212,2022-06-30 7:26
2020-12-31,194,0,28,181,6884,4862,61,4240,2022-06-30 7:26
2021-01-01,279,2,33,264,7163,5126,63,4273,2022-06-30 7:26
2021-01-02,216,1,26,214,7379,5340,64,4299,2022-06-30 7:26
2021-01-03,315,0,38,312,7694,5652,64,4337,2022-06-30 7:26
2021-01-04,745,1,15,729,8439,6381,65,4352,2022-06-30 7:26
2021-01-05,527,1,45,521,8966,6902,66,4397,2022-06-30 7:26
2021-01-06,365,1,21,349,9331,7251,67,4418,2022-06-30 7:26
2021-01-07,305,1,103,302,9636,7553,68,4521,2022-06-30 7:26
2021-01-08,205,0,734,189,9841,7742,68,5255,2022-06-30 7:26
2021-01-09,212,0,291,193,10053,7935,68,5546,2022-06-30 7:26
2021-01-10,245,0,882,224,10298,8159,68,6428,2022-06-30 7:26
2021-01-11,249,0,138,224,10547,8383,68,6566,2022-06-30 7:26
2021-01-12,287,0,166,278,10834,8661,68,6732,2022-06-30 7:26
2021-01-13,157,0,211,132,10991,8793,68,6943,2022-06-30 7:26
2021-01-14,271,2,717,259,11262,9052,70,7660,2022-06-30 7:26
2021-01-15,188,0,628,154,11450,9206,70,8288,2022-06-30 7:26
2021-01-16,230,1,618,209,11680,9415,71,8906,2022-06-30 7:26
2021-01-17,374,0,109,364,12054,9779,71,9015,2022-06-30 7:26
2021-01-18,369,1,191,357,12423,10136,72,9206,2022-06-30 7:26
2021-01-19,171,0,150,158,12594,10294,72,9356,2022-06-30 7:26
2021-01-20,59,0,265,51,12653,10345,72,9621,2022-06-30 7:26
2021-01-21,142,0,221,125,12795,10470,72,9842,2022-06-30 7:26
2021-01-22,309,0,382,297,13104,10767,72,10224,2022-06-30 7:26
2021-01-23,198,1,224,180,13302,10947,73,10448,2022-06-30 7:26
2021-01-24,198,3,119,191,13500,11138,76,10567,2022-06-30 7:26
2021-01-25,187,0,95,177,13687,11315,76,10662,2022-06-30 7:26
2021-01-26,959,0,230,937,14646,12252,76,10892,2022-06-30 7:26
2021-01-27,819,1,162,808,15465,13060,77,11054,2022-06-30 7:26
2021-01-28,756,0,233,746,16221,13806,77,11287,2022-06-30 7:26
2021-01-29,802,0,109,781,17023,14587,77,11396,2022-06-30 7:26
2021-01-30,930,0,109,916,17953,15503,77,11505,2022-06-30 7:26
2021-01-31,829,0,110,822,18782,16325,77,11615,2022-06-30 7:26
2021-02-01,836,1,899,832,19618,17157,78,12514,2022-06-30 7:26
2021-02-02,836,1,703,819,20454,17976,79,13217,2022-06-30 7:26
2021-02-03,795,0,784,783,21249,18759,79,14001,2022-06-30 7:26
2021-02-04,809,0,797,796,22058,19555,79,14798,2022-06-30 7:26
2021-02-05,586,0,533,573,22644,20128,79,15331,2022-06-30 7:26
2021-02-06,490,0,943,479,23134,20607,79,16274,2022-06-30 7:26
2021-02-07,237,0,668,225,23371,20832,79,16942,2022-06-30 7:26
2021-02-08,186,1,468,176,23557,21008,80,17410,2022-06-30 7:26
2021-02-09,189,0,956,179,23746,21187,80,18366,2022-06-30 7:26
2021-02-10,157,0,548,144,23903,21331,80,18914,2022-06-30 7:26
2021-02-11,201,0,885,185,24104,21516,80,19799,2022-06-30 7:26
2021-02-12,175,0,411,167,24279,21683,80,20210,2022-06-30 7:26
2021-02-13,126,0,970,116,24405,21799,80,21180,2022-06-30 7:26
2021-02-14,166,0,931,138,24571,21937,80,22111,2022-06-30 7:26
2021-02-15,143,2,772,132,24714,22069,82,22883,2022-06-30 7:26
2021-02-16,72,0,680,69,24786,22138,82,23563,2022-06-30 7:26
2021-02-17,175,0,134,168,24961,22306,82,23697,2022-06-30 7:26
2021-02-18,150,0,249,142,25111,22448,82,23946,2022-06-30 7:26
2021-02-19,130,1,124,116,25241,22564,83,24070,2022-06-30 7:26
2021-02-20,82,0,59,71,25323,22635,83,24129,2022-06-30 7:26
2021-02-21,92,0,156,86,25415,22721,83,24285,2022-06-30 7:26
2021-02-22,89,0,76,73,25504,22794,83,24361,2022-06-30 7:26
2021-02-23,95,0,85,93,25599,22887,83,24446,2022-06-30 7:26
2021-02-24,93,0,96,71,25692,22958,83,24542,2022-06-30 7:26
2021-02-25,72,0,192,63,25764,23021,83,24734,2022-06-30 7:26
2021-02-26,45,0,218,37,25809,23058,83,24952,2022-06-30 7:26
2021-02-27,72,0,70,63,25881,23121,83,25022,2022-06-30 7:26
2021-02-28,70,0,106,62,25951,23183,83,25128,2022-06-30 7:26
2021-03-01,80,1,196,64,26031,23247,84,25324,2022-06-30 7:26
2021-03-02,42,0,96,39,26073,23286,84,25420,2022-06-30 7:26
2021-03-03,35,1,63,25,26108,23311,85,25483,2022-06-30 7:26
2021-03-04,54,0,79,44,26162,23355,85,25562,2022-06-30 7:26
2021-03-05,79,0,79,65,26241,23420,85,25641,2022-06-30 7:26
2021-03-06,64,0,45,54,26305,23474,85,25686,2022-06-30 7:26
2021-03-07,65,0,58,60,26370,23534,85,25744,2022-06-30 7:26
2021-03-08,71,0,33,48,26441,23582,85,25777,2022-06-30 7:26
2021-03-09,60,0,74,43,26501,23625,85,25851,2022-06-30 7:26
2021-03-10,39,0,95,34,26540,23659,85,25946,2022-06-30 7:26
2021-03-11,58,0,54,53,26598,23712,85,26000,2022-06-30 7:26
2021-03-12,81,1,56,67,26679,23779,86,26056,2022-06-30 7:26
2021-03-13,78,1,30,67,26757,23846,87,26086,2022-06-30 7:26
2021-03-14,170,0,68,156,26927,24002,87,26154,2022-06-30 7:26
2021-03-15,78,0,80,74,27005,24076,87,26234,2022-06-30 7:26
2021-03-16,149,1,65,144,27154,24220,88,26299,2022-06-30 7:26
2021-03-17,246,2,40,239,27400,24459,90,26339,2022-06-30 7:26
2021-03-18,92,0,38,78,27492,24537,90,26377,2022-06-30 7:26
2021-03-19,100,0,73,94,27592,24631,90,26450,2022-06-30 7:26
2021-03-20,121,0,62,114,27713,24745,90,26512,2022-06-30 7:26
2021-03-21,90,0,86,81,27803,24826,90,26598,2022-06-30 7:26
2021-03-22,73,1,65,66,27876,24892,91,26663,2022-06-30 7:26
2021-03-23,401,1,103,383,28277,25275,92,26766,2022-06-30 7:26
2021-03-24,69,0,107,61,28346,25336,92,26873,2022-06-30 7:26
2021-03-25,97,0,73,92,28443,25428,92,26946,2022-06-30 7:26
2021-03-26,134,1,86,128,28577,25556,93,27032,2022-06-30 7:26
2021-03-27,80,1,104,73,28657,25629,94,27136,2022-06-30 7:26
2021-03-28,77,0,103,58,28734,25687,94,27239,2022-06-30 7:26
2021-03-29,39,0,74,28,28773,25715,94,27313,2022-06-30 7:26
2021-03-30,48,0,66,27,28821,25742,94,27379,2022-06-30 7:26
2021-03-31,42,0,47,24,28863,25766,94,27426,2022-06-30 7:26
2021-04-01,26,0,122,21,28889,25787,94,27548,2022-06-30 7:26
2021-04-02,58,0,58,45,28947,25832,94,27606,2022-06-30 7:26
2021-04-03,84,1,62,69,29031,25901,95,27668,2022-06-30 7:26
2021-04-04,96,0,106,87,29127,25988,95,27774,2022-06-30 7:26
2021-04-05,194,0,66,182,29321,26170,95,27840,2022-06-30 7:26
2021-04-06,250,0,108,245,29571,26415,95,27948,2022-06-30 7:26
2021-04-07,334,0,121,327,29905,26742,95,28069,2022-06-30 7:26
2021-04-08,405,0,32,391,30310,27133,95,28101,2022-06-30 7:26
2021-04-09,559,1,27,549,30869,27682,96,28128,2022-06-30 7:26
2021-04-10,789,1,33,781,31658,28463,97,28161,2022-06-30 7:26
2021-04-11,967,0,53,964,32625,29427,97,28214,2022-06-30 7:26
2021-04-12,985,0,34,980,33610,30407,97,28248,2022-06-30 7:26
2021-04-13,965,0,40,956,34575,31363,97,28288,2022-06-30 7:26
2021-04-14,1338,0,34,1330,35913,32693,97,28322,2022-06-30 7:26
2021-04-15,1543,0,61,1540,37456,34233,97,28383,2022-06-30 7:26
2021-04-16,1582,3,97,1576,39038,35809,100,28480,2022-06-30 7:26
2021-04-17,1547,0,90,1544,40585,37353,100,28570,2022-06-30 7:26
2021-04-18,1767,1,113,1765,42352,39118,101,28683,2022-06-30 7:26
2021-04-19,1390,3,104,1386,43742,40504,104,28787,2022-06-30 7:26
2021-04-20,1443,4,171,1441,45185,41945,108,28958,2022-06-30 7:26
2021-04-21,1458,2,413,1454,46643,43399,110,29371,2022-06-30 7:26
2021-04-22,1470,7,477,1470,48113,44869,117,29848,2022-06-30 7:26
2021-04-23,2070,4,341,2062,50183,46931,121,30189,2022-06-30 7:26
2021-04-24,2839,8,377,2827,53022,49758,129,30566,2022-06-30 7:26
2021-04-25,2438,11,547,2433,55460,52191,140,31113,2022-06-30 7:26
2021-04-26,2048,8,480,2037,57508,54228,148,31593,2022-06-30 7:26
2021-04-27,2179,15,1958,2174,59687,56402,163,33551,2022-06-30 7:26
2021-04-28,2012,15,851,2001,61699,58403,178,34402,2022-06-30 7:26
2021-04-29,1871,10,992,1864,63570,60267,188,35394,2022-06-30 7:26
2021-04-30,1583,15,860,1579,65153,61846,203,36254,2022-06-30 7:26
2021-05-01,1891,21,1821,1884,67044,63730,224,38075,2022-06-30 7:26
2021-05-02,1940,21,1183,1930,68984,65660,245,39258,2022-06-30 7:26
2021-05-03,2041,31,1726,2040,71025,67700,276,40984,2022-06-30 7:26
2021-05-04,1763,27,1490,1750,72788,69450,303,42474,2022-06-30 7:26
2021-05-05,2112,15,1886,2107,74900,71557,318,44360,2022-06-30 7:26
2021-05-06,1911,18,2435,1902,76811,73459,336,46795,2022-06-30 7:26
2021-05-07,2044,27,2377,2040,78855,75499,363,49172,2022-06-30 7:26
2021-05-08,2419,19,2247,2409,81274,77908,382,51419,2022-06-30 7:26
2021-05-09,2101,17,2186,2086,83375,79994,399,53605,2022-06-30 7:26
2021-05-10,1630,22,1603,1622,85005,81616,421,55208,2022-06-30 7:26
2021-05-11,1919,31,1829,1902,86924,83518,452,57037,2022-06-30 7:26
2021-05-12,1983,34,2006,1974,88907,85492,486,59043,2022-06-30 7:26
2021-05-13,4887,32,1572,4871,93794,90363,518,60615,2022-06-30 7:26
2021-05-14,2256,30,1701,2251,96050,92614,548,62316,2022-06-30 7:26
2021-05-15,3095,17,1351,3092,99145,95706,565,63667,2022-06-30 7:26
2021-05-16,2302,24,2136,2279,101447,97985,589,65803,2022-06-30 7:26
2021-05-17,9635,25,1397,9626,111082,107611,614,67200,2022-06-30 7:26
2021-05-18,2473,35,2718,2450,113555,110061,649,69918,2022-06-30 7:26
2021-05-19,3394,29,4450,3377,116949,113438,678,74368,2022-06-30 7:26
2021-05-20,2636,25,2268,2578,119585,116016,703,76636,2022-06-30 7:26
2021-05-21,3481,32,2868,3469,123066,119485,735,79504,2022-06-30 7:26
2021-05-22,3052,24,2900,3011,126118,122496,759,82404,2022-06-30 7:26
2021-05-23,3382,17,2131,3377,129500,125873,776,84535,2022-06-30 7:26
2021-05-24,2713,30,1565,2664,132213,128537,806,86100,2022-06-30 7:26
2021-05-25,3226,26,3094,3207,135439,131744,832,89194,2022-06-30 7:26
2021-05-26,2455,41,2571,2439,137894,134183,873,91765,2022-06-30 7:26
2021-05-27,3323,47,2063,3302,141217,137485,920,93828,2022-06-30 7:26
2021-05-28,3759,34,4044,3741,144976,141226,954,97872,2022-06-30 7:26
2021-05-29,4803,34,4439,4752,149779,145978,988,102311,2022-06-30 7:26
2021-05-30,4528,24,2933,4501,154307,150479,1012,105244,2022-06-30 7:26
2021-05-31,5485,19,3101,5428,159792,155907,1031,108345,2022-06-30 7:26
2021-06-01,2230,38,3390,2209,162022,158116,1069,111735,2022-06-30 7:26
2021-06-02,3440,38,2843,3425,165462,161541,1107,114578,2022-06-30 7:26
2021-06-03,3886,39,3626,3837,169348,165378,1146,118204,2022-06-30 7:26
2021-06-04,2631,31,2493,2580,171979,167958,1177,120697,2022-06-30 7:26
2021-06-05,2817,36,3396,2761,174796,170719,1213,124093,2022-06-30 7:26
2021-06-06,2671,23,2424,2588,177467,173307,1236,126517,2022-06-30 7:26
2021-06-07,2419,33,2999,2387,179886,175694,1269,129516,2022-06-30 7:26
2021-06-08,2662,29,2483,2646,182548,178340,1298,131999,2022-06-30 7:26
2021-06-09,2680,34,4253,2669,185228,181009,1332,136252,2022-06-30 7:26
2021-06-10,2310,43,3035,2272,187538,183281,1375,139287,2022-06-30 7:26
2021-06-11,2290,27,5711,2260,189828,185541,1402,144998,2022-06-30 7:26
2021-06-12,3277,29,5273,3248,193105,188789,1431,150271,2022-06-30 7:26
2021-06-13,2804,18,4143,2743,195909,191532,1449,154414,2022-06-30 7:26
2021-06-14,3355,17,3530,3345,199264,194877,1466,157944,2022-06-30 7:26
2021-06-15,3000,19,4774,2995,202264,197872,1485,162718,2022-06-30 7:26
2021-06-16,2331,40,4947,2302,204595,200174,1525,167665,2022-06-30 7:26
2021-06-17,3129,30,4651,3106,207724,203280,1555,172316,2022-06-30 7:26
2021-06-18,3058,22,4094,3039,210782,206319,1577,176410,2022-06-30 7:26
2021-06-19,3667,32,4948,3635,214449,209954,1609,181358,2022-06-30 7:26
2021-06-20,3682,20,2401,3642,218131,213596,1629,183759,2022-06-30 7:26
2021-06-21,3175,29,2030,3130,221306,216726,1658,185789,2022-06-30 7:26
2021-06-22,4059,35,2047,4038,225365,220764,1693,187836,2022-06-30 7:26
2021-06-23,3174,51,1941,3148,228539,223912,1744,189777,2022-06-30 7:26
2021-06-24,4108,31,1578,4094,232647,228006,1775,191355,2022-06-30 7:26
2021-06-25,3644,44,1751,3613,236291,231619,1819,193106,2022-06-30 7:26
2021-06-26,4160,51,3569,4141,240451,235760,1870,196675,2022-06-30 7:26
2021-06-27,3996,42,2253,3961,244447,239721,1912,198928,2022-06-30 7:26
2021-06-28,5406,22,3343,5388,249853,245109,1934,202271,2022-06-30 7:26
2021-06-29,4662,36,2793,4634,254515,249743,1970,205064,2022-06-30 7:26
2021-06-30,4786,53,2415,4777,259301,254520,2023,207479,2022-06-30 7:26
2021-07-01,5533,57,3223,5521,264834,260041,2080,210702,2022-06-30 7:26
2021-07-02,6087,61,3638,6076,270921,266117,2141,214340,2022-06-30 7:26
2021-07-03,6230,41,3159,6226,277151,272343,2182,217499,2022-06-30 7:26
2021-07-04,5916,44,3404,5910,283067,278253,2226,220903,2022-06-30 7:26
2021-07-05,6166,50,2534,6154,289233,284407,2276,223437,2022-06-30 7:26
2021-07-06,5420,57,3586,5412,294653,289819,2333,227023,2022-06-30 7:26
2021-07-07,6519,54,4148,6503,301172,296322,2387,231171,2022-06-30 7:26
2021-07-08,7058,75,4978,7049,308230,303371,2462,236149,2022-06-30 7:26
2021-07-09,9276,72,3928,9253,317506,312624,2534,240077,2022-06-30 7:26
2021-07-10,9326,91,3841,9307,326832,321931,2625,243918,2022-06-30 7:26
2021-07-11,9539,86,4053,9521,336371,331452,2711,247971,2022-06-30 7:26
2021-07-12,8656,80,3687,8632,345027,340084,2791,251658,2022-06-30 7:26
2021-07-13,8685,56,3797,8673,353712,348757,2847,255455,2022-06-30 7:26
2021-07-14,9317,87,5129,9309,363029,358066,2934,260584,2022-06-30 7:26
2021-07-15,9186,98,5543,9164,372215,367230,3032,266127,2022-06-30 7:26
2021-07-16,9692,67,5730,9677,381907,376907,3099,271857,2022-06-30 7:26
2021-07-17,10082,141,6327,10040,391989,386947,3240,278184,2022-06-30 7:26
2021-07-18,11397,101,5726,11388,403386,398335,3341,283910,2022-06-30 7:26
2021-07-19,11784,81,5741,11774,415170,410109,3422,289651,2022-06-30 7:26
2021-07-20,11305,80,6557,11291,426475,421400,3502,296208,2022-06-30 7:26
2021-07-21,13002,108,8248,12971,439477,434371,3610,304456,2022-06-30 7:26
2021-07-22,13655,87,7921,13644,453132,448015,3697,312377,2022-06-30 7:26
2021-07-23,14575,114,7775,14562,467707,462577,3811,320152,2022-06-30 7:26
2021-07-24,14260,119,7637,14248,481967,476825,3930,327789,2022-06-30 7:26
2021-07-25,15335,129,6904,15316,497302,492141,4059,334693,2022-06-30 7:26
2021-07-26,15376,87,6782,15362,512678,507503,4146,341475,2022-06-30 7:26
2021-07-27,14150,118,9168,14111,526828,521614,4264,350643,2022-06-30 7:26
2021-07-28,16533,133,10051,16523,543361,538137,4397,360694,2022-06-30 7:26
2021-07-29,17669,165,9798,17652,561030,555789,4562,370492,2022-06-30 7:26
2021-07-30,17345,117,10678,17337,578375,573126,4679,381170,2022-06-30 7:26
2021-07-31,18912,178,10750,18902,597287,592028,4857,391920,2022-06-30 7:26
2021-08-01,18027,133,13402,18025,615314,610053,4990,405322,2022-06-30 7:26
2021-08-02,17970,178,13919,17959,633284,628012,5168,419241,2022-06-30 7:26
2021-08-03,18901,147,18590,18894,652185,646906,5315,437831,2022-06-30 7:26
2021-08-04,20200,188,17975,20179,672385,667085,5503,455806,2022-06-30 7:26
2021-08-05,20920,160,17926,20912,693305,687997,5663,473732,2022-06-30 7:26
2021-08-06,21379,191,22172,21369,714684,709366,5854,495904,2022-06-30 7:26
2021-08-07,21838,212,21108,21834,736522,731200,6066,517012,2022-06-30 7:26
2021-08-08,19983,138,18503,19977,756505,751177,6204,535515,2022-06-30 7:26
2021-08-09,19603,149,19819,19591,776108,770768,6353,555334,2022-06-30 7:26
2021-08-10,19843,235,22806,19822,795951,790590,6588,578140,2022-06-30 7:26
2021-08-11,21038,207,22012,21019,816989,811609,6795,600152,2022-06-30 7:26
2021-08-12,22782,147,23649,22774,839771,834383,6942,623801,2022-06-30 7:26
2021-08-13,23418,184,20083,23409,863189,857792,7126,643884,2022-06-30 7:26
2021-08-14,22086,217,23672,22083,885275,879875,7343,667556,2022-06-30 7:26
2021-08-15,21882,209,21106,21876,907157,901751,7552,688662,2022-06-30 7:26
2021-08-16,21157,182,20984,21151,928314,922902,7734,709646,2022-06-30 7:26
2021-08-17,20128,239,20791,20118,948442,943020,7973,730437,2022-06-30 7:26
2021-08-18,20515,312,22682,20498,968957,963518,8285,753119,2022-06-30 7:26
2021-08-19,20902,301,22208,20878,989859,984396,8586,775327,2022-06-30 7:26
2021-08-20,19851,240,20478,19841,1009710,1004237,8826,795805,2022-06-30 7:26
2021-08-21,20571,261,23159,20557,1030281,1024794,9087,818964,2022-06-30 7:26
2021-08-22,19014,233,20672,19004,1049295,1043798,9320,839636,2022-06-30 7:26
2021-08-23,17491,242,22134,17484,1066786,1061282,9562,861770,2022-06-30 7:26
2021-08-24,17165,226,20059,17162,1083951,1078444,9788,881829,2022-06-30 7:26
2021-08-25,18417,297,21186,18407,1102368,1096851,10085,903015,2022-06-30 7:26
2021-08-26,18501,229,20606,18489,1120869,1115340,10314,923621,2022-06-30 7:26
2021-08-27,18702,273,20163,18693,1139571,1134033,10587,943784,2022-06-30 7:26
2021-08-28,17984,292,20535,17977,1157555,1152010,10879,964319,2022-06-30 7:26
2021-08-29,16536,264,20927,16528,1174091,1168538,11143,985246,2022-06-30 7:26
2021-08-30,15972,256,17281,15961,1190063,1184499,11399,1002527,2022-06-30 7:26
2021-08-31,14666,190,19245,14659,1204729,1199158,11589,1021772,2022-06-30 7:26
2021-09-01,14802,252,18996,14797,1219531,1213955,11841,1040768,2022-06-30 7:26
2021-09-02,14956,262,17936,14939,1234487,1228894,12103,1058704,2022-06-30 7:26
2021-09-03,14653,271,18262,14651,1249140,1243545,12374,1076966,2022-06-30 7:26
2021-09-04,15942,257,20351,15936,1265082,1259481,12631,1097317,2022-06-30 7:26
2021-09-05,15452,224,18257,15424,1280534,1274905,12855,1115574,2022-06-30 7:26
2021-09-06,13988,187,17284,13971,1294522,1288876,13042,1132858,2022-06-30 7:26
2021-09-07,13821,241,16737,13815,1308343,1302691,13283,1149595,2022-06-30 7:26
2021-09-08,14176,228,16769,14160,1322519,1316851,13511,1166364,2022-06-30 7:26
2021-09-09,16031,220,15417,16022,1338550,1332873,13731,1181781,2022-06-30 7:26
2021-09-10,14403,189,15610,14386,1352953,1347259,13920,1197391,2022-06-30 7:26
2021-09-11,15191,253,18721,15185,1368144,1362444,14173,1216112,2022-06-30 7:26
2021-09-12,14029,180,15742,14025,1382173,1376469,14353,1231854,2022-06-30 7:26
2021-09-13,12583,132,16304,12572,1394756,1389041,14485,1248158,2022-06-30 7:26
2021-09-14,11786,136,14738,11781,1406542,1400822,14621,1262896,2022-06-30 7:26
2021-09-15,13798,144,14133,13776,1420340,1414598,14765,1277029,2022-06-30 7:26
2021-09-16,13897,188,13527,13888,1434237,1428486,14953,1290556,2022-06-30 7:26
2021-09-17,14555,171,13691,14546,1448792,1443032,15124,1304247,2022-06-30 7:26
2021-09-18,14109,122,13280,14103,1462901,1457135,15246,1317527,2022-06-30 7:26
2021-09-19,13576,117,12492,13563,1476477,1470698,15363,1330019,2022-06-30 7:26
2021-09-20,12709,106,11125,12698,1489186,1483396,15469,1341144,2022-06-30 7:26
2021-09-21,10919,143,11694,10912,1500105,1494308,15612,1352838,2022-06-30 7:26
2021-09-22,11252,141,13695,11235,1511357,1505543,15753,1366533,2022-06-30 7:26
2021-09-23,13256,131,13829,13241,1524613,1518784,15884,1380362,2022-06-30 7:26
2021-09-24,12697,132,13540,12686,1537310,1531470,16016,1393902,2022-06-30 7:26
2021-09-25,11975,127,14700,11956,1549285,1543426,16143,1408602,2022-06-30 7:26
2021-09-26,12353,125,14305,12341,1561638,1555767,16268,1422907,2022-06-30 7:26
2021-09-27,10288,101,12494,10276,1571926,1566043,16369,1435401,2022-06-30 7:26
2021-09-28,9489,129,12805,9479,1581415,1575522,16498,1448206,2022-06-30 7:26
2021-09-29,10414,122,11580,10404,1591829,1585926,16620,1459786,2022-06-30 7:26
2021-09-30,11645,107,10887,11627,1603474,1597553,16727,1470673,2022-06-30 7:26
2021-10-01,11754,123,12473,11743,1615228,1609296,16850,1483146,2022-06-30 7:26
2021-10-02,11376,87,13127,11359,1626604,1620655,16937,1496273,2022-06-30 7:26
2021-10-03,10828,77,11894,10814,1637432,1631469,17014,1508167,2022-06-30 7:26
2021-10-04,9930,97,12336,9923,1647362,1641392,17111,1520503,2022-06-30 7:26
2021-10-05,9869,92,11152,9852,1657231,1651244,17203,1531655,2022-06-30 7:26
2021-10-06,9866,102,10115,9850,1667097,1661094,17305,1541770,2022-06-30 7:26
2021-10-07,11200,113,10087,11180,1678297,1672274,17418,1551857,2022-06-30 7:26
2021-10-08,11140,116,9933,11124,1689437,1683398,17534,1561790,2022-06-30 7:26
2021-10-09,10630,73,10542,10621,1700067,1694019,17607,1572332,2022-06-30 7:26
2021-10-10,10817,84,9981,10754,1710884,1704773,17691,1582313,2022-06-30 7:26
2021-10-11,10035,60,10590,9996,1720919,1714769,17751,1592903,2022-06-30 7:26
2021-10-12,9445,84,11452,9432,1730364,1724201,17835,1604355,2022-06-30 7:26
2021-10-13,10064,82,10988,10055,1740428,1734256,17917,1615343,2022-06-30 7:26
2021-10-14,11276,112,10407,11224,1751704,1745480,18029,1625750,2022-06-30 7:26
2021-10-15,10486,94,10711,10444,1762190,1755924,18123,1636461,2022-06-30 7:26
2021-10-16,10648,82,10794,10634,1772838,1766558,18205,1647255,2022-06-30 7:26
2021-10-17,10863,68,10383,10856,1783701,1777414,18273,1657638,2022-06-30 7:26
2021-10-18,10111,63,10612,10087,1793812,1787501,18336,1668250,2022-06-30 7:26
2021-10-19,9122,71,10731,9115,1802934,1796616,18407,1678981,2022-06-30 7:26
2021-10-20,8918,79,10878,8900,1811852,1805516,18486,1689859,2022-06-30 7:26
2021-10-21,9727,73,10075,9701,1821579,1815217,18559,1699934,2022-06-30 7:26
2021-10-22,9809,66,10513,9799,1831388,1825016,18625,1710447,2022-06-30 7:26
2021-10-23,9743,74,10182,9738,1841131,1834754,18699,1720629,2022-06-30 7:26
2021-10-24,9351,56,10098,9345,1850482,1844099,18755,1730727,2022-06-30 7:26
2021-10-25,8675,44,9589,8664,1859157,1852763,18799,1740316,2022-06-30 7:26
2021-10-26,7706,66,9532,7696,1866863,1860459,18865,1749848,2022-06-30 7:26
2021-10-27,8452,57,8449,8445,1875315,1868904,18922,1758297,2022-06-30 7:26
2021-10-28,9658,84,8526,9647,1884973,1878551,19006,1766823,2022-06-30 7:26
2021-10-29,8968,64,8747,8942,1893941,1887493,19070,1775570,2022-06-30 7:26
2021-10-30,9224,88,8305,9217,1903165,1896710,19158,1783875,2022-06-30 7:26
2021-10-31,8859,47,8253,8846,1912024,1905556,19205,1792128,2022-06-30 7:26
2021-11-01,8165,55,9574,8156,1920189,1913712,19260,1801702,2022-06-30 7:26
2021-11-02,7574,78,8279,7564,1927763,1921276,19338,1809981,2022-06-30 7:26
2021-11-03,7679,56,8482,7672,1935442,1928948,19394,1818463,2022-06-30 7:26
2021-11-04,7980,68,8029,7970,1943422,1936918,19462,1826492,2022-06-30 7:26
2021-11-05,8150,80,8238,8135,1951572,1945053,19542,1834730,2022-06-30 7:26
2021-11-06,8467,69,8288,8454,1960039,1953507,19611,1843018,2022-06-30 7:26
2021-11-07,7960,53,6950,7949,1967999,1961456,19664,1849968,2022-06-30 7:26
2021-11-08,7592,39,7495,7582,1975591,1969038,19703,1857463,2022-06-30 7:26
2021-11-09,6904,61,8024,6882,1982495,1975920,19764,1865487,2022-06-30 7:26
2021-11-10,6978,62,7697,6970,1989473,1982890,19826,1873184,2022-06-30 7:26
2021-11-11,7496,57,7452,7484,1996969,1990374,19883,1880636,2022-06-30 7:26
2021-11-12,7305,51,7900,7294,2004274,1997668,19934,1888536,2022-06-30 7:26
2021-11-13,7057,55,7393,7042,2011331,2004710,19989,1895929,2022-06-30 7:26
2021-11-14,7079,47,6917,7070,2018410,2011780,20036,1902846,2022-06-30 7:26
2021-11-15,6343,45,7663,6331,2024753,2018111,20081,1910509,2022-06-30 7:26
2021-11-16,5947,62,7943,5936,2030700,2024047,20143,1918452,2022-06-30 7:26
2021-11-17,6524,56,7191,6512,2037224,2030559,20199,1925643,2022-06-30 7:26
2021-11-18,6901,55,7556,6885,2044125,2037444,20254,1933199,2022-06-30 7:26
2021-11-19,6855,51,7655,6843,2050980,2044287,20305,1940854,2022-06-30 7:26
2021-11-20,6595,53,8478,6577,2057575,2050864,20358,1949332,2022-06-30 7:26
2021-11-21,7006,29,7591,6998,2064581,2057862,20387,1956923,2022-06-30 7:26
2021-11-22,6428,49,7882,6418,2071009,2064280,20436,1964805,2022-06-30 7:26
2021-11-23,5126,53,7748,5118,2076135,2069398,20489,1972553,2022-06-30 7:26
2021-11-24,5857,55,7318,5846,2081992,2075244,20544,1979871,2022-06-30 7:26
2021-11-25,6335,37,7218,6328,2088327,2081572,20581,1987089,2022-06-30 7:26
2021-11-26,6559,64,6875,6520,2094886,2088092,20645,1993964,2022-06-30 7:26
2021-11-27,6073,32,6538,6016,2100959,2094108,20677,2000502,2022-06-30 7:26
2021-11-28,5854,30,6354,5847,2106813,2099955,20707,2006856,2022-06-30 7:26
2021-11-29,4753,27,6165,4741,2111566,2104696,20734,2013021,2022-06-30 7:26
2021-11-30,4306,37,6407,4298,2115872,2108994,20771,2019428,2022-06-30 7:26
2021-12-01,4886,43,6326,4880,2120758,2113874,20814,2025754,2022-06-30 7:26
2021-12-02,4971,33,5402,4960,2125729,2118834,20847,2031156,2022-06-30 7:26
2021-12-03,4912,33,5844,4899,2130641,2123733,20880,2037000,2022-06-30 7:26
2021-12-04,5896,37,5666,5884,2136537,2129617,20917,2042666,2022-06-30 7:26
2021-12-05,4704,27,6149,4696,2141241,2134313,20944,2048815,2022-06-30 7:26
2021-12-06,4000,22,6450,3993,2145241,2138306,20966,2055265,2022-06-30 7:26
2021-12-07,3525,31,6109,3515,2148766,2141821,20997,2061374,2022-06-30 7:26
2021-12-08,3618,38,5775,3602,2152384,2145423,21035,2067149,2022-06-30 7:26
2021-12-09,4203,49,7939,4185,2156587,2149608,21084,2075088,2022-06-30 7:26
2021-12-10,4193,28,7863,4164,2160780,2153772,21112,2082951,2022-06-30 7:26
2021-12-11,4079,39,7302,4063,2164859,2157835,21151,2090253,2022-06-30 7:26
2021-12-12,3787,20,5606,3763,2168646,2161598,21171,2095859,2022-06-30 7:26
2021-12-13,3398,23,5467,3378,2172044,2164976,21194,2101326,2022-06-30 7:26
2021-12-14,2862,37,4818,2843,2174906,2167819,21231,2106144,2022-06-30 7:26
2021-12-15,3370,29,4557,3350,2178276,2171169,21260,2110701,2022-06-30 7:26
2021-12-16,3684,26,4531,3663,2181960,2174832,21286,2115232,2022-06-30 7:26
2021-12-17,3537,41,5459,3520,2185497,2178352,21327,2120691,2022-06-30 7:26
2021-12-18,3132,28,3278,3102,2188629,2181454,21355,2123969,2022-06-30 7:26
2021-12-19,2899,22,4389,2845,2191528,2184299,21377,2128358,2022-06-30 7:26
2021-12-20,2525,31,4190,2483,2194053,2186782,21408,2132548,2022-06-30 7:26
2021-12-21,2476,32,3649,2446,2196529,2189228,21440,2136197,2022-06-30 7:26
2021-12-22,2532,31,3191,2491,2199061,2191719,21471,2139388,2022-06-30 7:26
2021-12-23,2940,30,2798,2883,2202001,2194602,21501,2142186,2022-06-30 7:26
2021-12-24,2671,27,2766,2616,2204672,2197218,21528,2144952,2022-06-30 7:26
2021-12-25,2766,30,3805,2703,2207438,2199921,21558,2148757,2022-06-30 7:26
2021-12-26,2532,22,3771,2472,2209970,2202393,21580,2152528,2022-06-30 7:26
2021-12-27,2437,18,3845,2345,2212407,2204738,21598,2156373,2022-06-30 7:26
2021-12-28,2305,32,3070,2210,2214712,2206948,21630,2159443,2022-06-30 7:26
2021-12-29,2575,17,2695,2459,2217287,2209407,21647,2162138,2022-06-30 7:26
2021-12-30,3037,25,3115,2925,2220324,2212332,21672,2165253,2022-06-30 7:26
2021-12-31,3111,26,3241,2999,2223435,2215331,21698,2168494,2022-06-30 7:26
2022-01-01,3011,10,3315,2869,2226446,2218200,21708,2171809,2022-06-30 7:26
2022-01-02,3112,12,2921,2963,2229558,2221163,21720,2174730,2022-06-30 7:26
2022-01-03,2927,18,2903,2759,2232485,2223922,21738,2177633,2022-06-30 7:26
2022-01-04,3091,12,2688,2965,2235576,2226887,21750,2180321,2022-06-30 7:26
2022-01-05,3899,19,2508,3730,2239475,2230617,21769,2182829,2022-06-30 7:26
2022-01-06,5775,11,2673,5560,2245250,2236177,21780,2185502,2022-06-30 7:26
2022-01-07,7526,19,2895,7178,2252776,2243355,21799,2188397,2022-06-30 7:26
2022-01-08,8263,14,2865,7912,2261039,2251267,21813,2191262,2022-06-30 7:26
2022-01-09,8511,12,2605,8161,2269550,2259428,21825,2193867,2022-06-30 7:26
2022-01-10,7926,13,3612,7514,2277476,2266942,21838,2197479,2022-06-30 7:26
2022-01-11,7133,12,3306,6722,2284609,2273664,21850,2200785,2022-06-30 7:26
2022-01-12,7681,19,3350,7404,2292290,2281068,21869,2204135,2022-06-30 7:26
2022-01-13,8167,14,3845,7928,2300457,2288996,21883,2207980,2022-06-30 7:26
2022-01-14,8158,15,3942,7916,2308615,2296912,21898,2211922,2022-06-30 7:26
2022-01-15,7793,18,5202,7523,2316408,2304435,21916,2217124,2022-06-30 7:26
2022-01-16,8077,9,4887,7795,2324485,2312230,21925,2222011,2022-06-30 7:26
2022-01-17,6929,13,5255,6720,2331414,2318950,21938,2227266,2022-06-30 7:26
2022-01-18,6397,18,6637,6232,2337811,2325182,21956,2233903,2022-06-30 7:26
2022-01-19,7122,12,7460,6950,2344933,2332132,21968,2241363,2022-06-30 7:26
2022-01-20,8129,19,6978,7915,2353062,2340047,21987,2248341,2022-06-30 7:26
2022-01-21,8640,13,8641,8445,2361702,2348492,22000,2256982,2022-06-30 7:26
2022-01-22,8112,19,7582,7935,2369814,2356427,22019,2264564,2022-06-30 7:26
2022-01-23,7686,13,7445,7500,2377500,2363927,22032,2272009,2022-06-30 7:26
2022-01-24,7139,13,8100,6944,2384639,2370871,22045,2280109,2022-06-30 7:26
2022-01-25,6718,12,7659,6566,2391357,2377437,22057,2287768,2022-06-30 7:26
2022-01-26,7587,19,7801,7431,2398944,2384868,22076,2295569,2022-06-30 7:26
2022-01-27,8078,22,6595,7853,2407022,2392721,22098,2302164,2022-06-30 7:26
2022-01-28,8450,28,7484,8239,2415472,2400960,22126,2309648,2022-06-30 7:26
2022-01-29,8618,19,8358,8402,2424090,2409362,22145,2318006,2022-06-30 7:26
2022-01-30,8444,12,7829,8208,2432534,2417570,22157,2325835,2022-06-30 7:26
2022-01-31,8008,16,8215,7842,2440542,2425412,22173,2334050,2022-06-30 7:26
2022-02-01,7422,12,8715,7161,2447964,2432573,22185,2342765,2022-06-30 7:26
2022-02-02,8587,22,8485,8456,2456551,2441029,22207,2351250,2022-06-30 7:26
2022-02-03,9172,21,7832,8950,2465723,2449979,22228,2359082,2022-06-30 7:26
2022-02-04,9909,22,7827,9721,2475632,2459700,22250,2366909,2022-06-30 7:26
2022-02-05,10490,21,8479,10273,2486122,2469973,22271,2375388,2022-06-30 7:26
2022-02-06,10879,20,8285,10701,2497001,2480674,22291,2383673,2022-06-30 7:26
2022-02-07,10470,12,8711,10304,2507471,2490978,22303,2392384,2022-06-30 7:26
2022-02-08,10398,17,8922,10196,2517869,2501174,22320,2401306,2022-06-30 7:26
2022-02-09,13182,24,8571,13043,2531051,2514217,22344,2409877,2022-06-30 7:26
2022-02-10,14822,20,8503,14576,2545873,2528793,22364,2418380,2022-06-30 7:26
2022-02-11,15242,23,8955,15060,2561115,2543853,22387,2427335,2022-06-30 7:26
2022-02-12,16330,25,9205,16180,2577445,2560033,22412,2436540,2022-06-30 7:26
2022-02-13,15882,24,9482,15682,2593327,2575715,22436,2446022,2022-06-30 7:26
2022-02-14,14900,26,9810,14708,2608227,2590423,22462,2455832,2022-06-30 7:26
2022-02-15,14373,27,11551,14177,2622600,2604600,22489,2467383,2022-06-30 7:26
2022-02-16,16462,27,10868,16326,2639062,2620926,22516,2478251,2022-06-30 7:26
2022-02-17,17349,22,11561,17104,2656411,2638030,22538,2489812,2022-06-30 7:26
2022-02-18,18066,27,12511,17898,2674477,2655928,22565,2502323,2022-06-30 7:26
2022-02-19,18885,29,10946,18661,2693362,2674589,22594,2513269,2022-06-30 7:26
2022-02-20,18953,30,13962,18770,2712315,2693359,22624,2527231,2022-06-30 7:26
2022-02-21,18883,32,14914,18721,2731198,2712080,22656,2542145,2022-06-30 7:26
2022-02-22,18363,35,15651,18236,2749561,2730316,22691,2557796,2022-06-30 7:26
2022-02-23,21232,39,16662,21064,2770793,2751380,22730,2574458,2022-06-30 7:26
2022-02-24,23557,38,16131,23329,2794350,2774709,22768,2590589,2022-06-30 7:26
2022-02-25,24932,41,15774,24765,2819282,2799474,22809,2606363,2022-06-30 7:26
2022-02-26,25615,40,14641,25449,2844897,2824923,22849,2621004,2022-06-30 7:26
2022-02-27,24719,42,16875,24599,2869616,2849522,22891,2637879,2022-06-30 7:26
2022-02-28,22311,42,17470,22175,2891927,2871697,22933,2655349,2022-06-30 7:26
2022-03-01,20420,43,18297,20249,2912347,2891946,22976,2673646,2022-06-30 7:26
2022-03-02,22197,45,19093,22079,2934544,2914025,23021,2692739,2022-06-30 7:26
2022-03-03,23618,49,18939,23437,2958162,2937462,23070,2711678,2022-06-30 7:26
2022-03-04,23834,54,19351,23688,2981996,2961150,23124,2731029,2022-06-30 7:26
2022-03-05,22818,52,18462,22681,3004814,2983831,23176,2749491,2022-06-30 7:26
2022-03-06,21881,59,21448,21747,3026695,3005578,23235,2770939,2022-06-30 7:26
2022-03-07,21162,65,23159,21060,3047857,3026638,23300,2794098,2022-06-30 7:26
2022-03-08,18943,69,25005,18877,3066800,3045515,23369,2819103,2022-06-30 7:26
2022-03-09,22073,69,24747,21981,3088873,3067496,23438,2843850,2022-06-30 7:26
2022-03-10,22984,74,24161,22937,3111857,3090433,23512,2868011,2022-06-30 7:26
2022-03-11,24792,63,22065,24712,3136649,3115145,23575,2890076,2022-06-30 7:26
2022-03-12,24592,68,21371,24540,3161241,3139685,23643,2911447,2022-06-30 7:26
2022-03-13,23584,66,22333,23517,3184825,3163202,23709,2933780,2022-06-30 7:26
2022-03-14,22130,69,23508,22103,3206955,3185305,23778,2957288,2022-06-30 7:26
2022-03-15,19742,70,24125,19690,3226697,3204995,23848,2981413,2022-06-30 7:26
2022-03-16,23945,70,23339,23897,3250642,3228892,23918,3004752,2022-06-30 7:26
2022-03-17,25456,77,22217,25417,3276098,3254309,23995,3026969,2022-06-30 7:26
2022-03-18,27071,80,21522,27022,3303169,3281331,24075,3048491,2022-06-30 7:26
2022-03-19,25804,87,18801,25778,3328973,3307109,24162,3067292,2022-06-30 7:26
2022-03-20,24996,84,22292,24965,3353969,3332074,24246,3089584,2022-06-30 7:26
2022-03-21,23441,88,23153,23403,3377410,3355477,24334,3112737,2022-06-30 7:26
2022-03-22,21382,83,24824,21324,3398792,3376801,24417,3137561,2022-06-30 7:26
2022-03-23,25164,80,24770,25116,3423956,3401917,24497,3162331,2022-06-30 7:26
2022-03-24,27024,82,23721,26978,3450980,3428895,24579,3186052,2022-06-30 7:26
2022-03-25,26050,69,22219,26014,3477030,3454909,24648,3208271,2022-06-30 7:26
2022-03-26,26234,67,20013,26198,3503264,3481107,24715,3228284,2022-06-30 7:26
2022-03-27,25821,84,24066,25765,3529085,3506872,24799,3252350,2022-06-30 7:26
2022-03-28,24635,81,25753,24601,3553720,3531473,24880,3278103,2022-06-30 7:26
2022-03-29,21678,78,27183,21614,3575398,3553087,24958,3305286,2022-06-30 7:26
2022-03-30,25389,87,26084,25342,3600787,3578429,25045,3331370,2022-06-30 7:26
2022-03-31,27560,85,25077,27499,3628347,3605928,25130,3356447,2022-06-30 7:26
2022-04-01,28379,92,23843,28317,3656726,3634245,25222,3380290,2022-06-30 7:26
2022-04-02,28029,96,23352,27993,3684755,3662238,25318,3403642,2022-06-30 7:26
2022-04-03,26840,97,23412,26800,3711595,3689038,25415,3427054,2022-06-30 7:26
2022-04-04,24892,97,27254,24846,3736487,3713884,25512,3454308,2022-06-30 7:26
2022-04-05,21088,91,27519,20995,3757575,3734879,25603,3481827,2022-06-30 7:26
2022-04-06,24252,94,26225,24165,3781827,3759044,25697,3508052,2022-06-30 7:26
2022-04-07,26081,91,26011,26000,3807908,3785044,25788,3534063,2022-06-30 7:26
2022-04-08,25140,89,24854,25040,3833048,3810084,25877,3558917,2022-06-30 7:26
2022-04-09,25298,98,22003,25220,3858346,3835304,25975,3580920,2022-06-30 7:26
2022-04-10,25139,108,25509,25072,3883485,3860376,26083,3606429,2022-06-30 7:26
2022-04-11,22387,105,27680,22300,3905872,3882676,26188,3634109,2022-06-30 7:26
2022-04-12,19982,101,28057,19930,3925854,3902606,26289,3662166,2022-06-30 7:26
2022-04-13,23015,106,27626,22920,3948869,3925526,26395,3689792,2022-06-30 7:26
2022-04-14,24134,115,26997,24009,3973003,3949535,26510,3716789,2022-06-30 7:26
2022-04-15,20289,119,24969,20221,3993292,3969756,26629,3741758,2022-06-30 7:26
2022-04-16,18892,125,22220,18810,4012184,3988566,26754,3763978,2022-06-30 7:26
2022-04-17,17775,128,24545,17693,4029959,4006259,26882,3788523,2022-06-30 7:26
2022-04-18,16994,124,25910,16918,4046953,4023177,27006,3814433,2022-06-30 7:26
2022-04-19,16891,129,24927,16806,4063844,4039983,27135,3839360,2022-06-30 7:26
2022-04-20,20455,128,25933,20361,4084299,4060344,27263,3865293,2022-06-30 7:26
2022-04-21,21931,129,24619,21816,4106230,4082160,27392,3889912,2022-06-30 7:26
2022-04-22,21808,128,19826,21717,4128038,4103877,27520,3909738,2022-06-30 7:26
2022-04-23,20052,129,22361,20004,4148090,4123881,27649,3932099,2022-06-30 7:26
2022-04-24,17784,126,22846,17706,4165874,4141587,27775,3954945,2022-06-30 7:26
2022-04-25,14994,124,23524,14951,4180868,4156538,27899,3978469,2022-06-30 7:26
2022-04-26,13816,120,21072,13759,4194684,4170297,28019,3999541,2022-06-30 7:26
2022-04-27,14887,125,18919,14816,4209571,4185113,28144,4018460,2022-06-30 7:26
2022-04-28,14437,127,18509,14360,4224008,4199473,28271,4036969,2022-06-30 7:26
2022-04-29,14053,129,16782,13979,4238061,4213452,28400,4053751,2022-06-30 7:26
2022-04-30,12888,126,17105,12784,4250949,4226236,28526,4070856,2022-06-30 7:26
2022-05-01,11535,91,22022,11480,4262484,4237716,28617,4092878,2022-06-30 7:26
2022-05-02,9331,84,21168,9273,4271815,4246989,28701,4114046,2022-06-30 7:26
2022-05-03,9721,77,20145,9670,4281536,4256659,28778,4134191,2022-06-30 7:26
2022-05-04,9288,82,19119,9268,4290824,4265927,28860,4153310,2022-06-30 7:26
2022-05-05,9790,54,17109,9786,4300614,4275713,28914,4170419,2022-06-30 7:26
2022-05-06,7705,62,11252,7695,4308319,4283408,28976,4181671,2022-06-30 7:26
2022-05-07,8450,58,12224,8446,4316769,4291854,29034,4193895,2022-06-30 7:26
2022-05-08,8081,54,10588,8077,4324850,4299931,29088,4204483,2022-06-30 7:26
2022-05-09,6488,55,12755,6484,4331338,4306415,29143,4217238,2022-06-30 7:26
2022-05-10,6230,53,11132,6226,4337568,4312641,29196,4228370,2022-06-30 7:26
2022-05-11,7650,56,9322,7647,4345218,4320288,29252,4237692,2022-06-30 7:26
2022-05-12,8019,59,8807,8016,4353237,4328304,29311,4246499,2022-06-30 7:26
2022-05-13,7779,56,9286,7777,4361016,4336081,29367,4255785,2022-06-30 7:26
2022-05-14,6736,54,9213,6734,4367752,4342815,29421,4264998,2022-06-30 7:26
2022-05-15,6094,51,8601,6092,4373846,4348907,29472,4273599,2022-06-30 7:26
2022-05-16,5238,40,9168,5236,4379084,4354143,29512,4282767,2022-06-30 7:26
2022-05-17,3893,38,7323,3890,4382977,4358033,29550,4290090,2022-06-30 7:26
2022-05-18,5633,45,8042,5632,4388610,4363665,29595,4298132,2022-06-30 7:26
2022-05-19,6305,42,7567,6303,4394915,4369968,29637,4305699,2022-06-30 7:26
2022-05-20,6463,41,7091,6462,4401378,4376430,29678,4312790,2022-06-30 7:26
2022-05-21,5377,37,5775,5375,4406755,4381805,29715,4318565,2022-06-30 7:26
2022-05-22,4739,31,7391,4734,4411494,4386539,29746,4325956,2022-06-30 7:26
2022-05-23,4099,29,8856,4097,4415593,4390636,29775,4334812,2022-06-30 7:26
2022-05-24,4144,36,7235,4143,4419737,4394779,29811,4342047,2022-06-30 7:26
2022-05-25,5013,33,5591,5013,4424750,4399792,29844,4347638,2022-06-30 7:26
2022-05-26,4924,37,5560,4924,4429674,4404716,29881,4353198,2022-06-30 7:26
2022-05-27,4837,29,5198,4833,4434511,4409549,29910,4358396,2022-06-30 7:26
2022-05-28,4488,38,3921,4488,4438999,4414037,29948,4362317,2022-06-30 7:26
2022-05-29,3649,24,5622,3647,4442648,4417684,29972,4367939,2022-06-30 7:26
2022-05-30,3854,26,6031,3854,4446502,4421538,29998,4373970,2022-06-30 7:26
2022-05-31,3955,21,6607,3954,4450457,4425492,30019,4380577,2022-06-30 7:26
2022-06-01,4563,28,5125,4563,4455020,4430055,30047,4385702,2022-06-30 7:26
2022-06-02,2560,34,5605,2558,4457580,4432613,30081,4391307,2022-06-30 7:26
2022-06-03,2976,32,4238,2973,4460556,4435586,30113,4395545,2022-06-30 7:26
2022-06-04,3001,30,3813,3001,4463557,4438587,30143,4399358,2022-06-30 7:26
2022-06-05,3236,28,5011,3234,4466793,4441821,30171,4404369,2022-06-30 7:26
2022-06-06,2162,27,4879,2160,4468955,4443981,30198,4409248,2022-06-30 7:26
2022-06-07,2224,20,4824,2224,4471179,4446205,30218,4414072,2022-06-30 7:26
2022-06-08,2688,21,4130,2688,4473867,4448893,30239,4418202,2022-06-30 7:26
2022-06-09,3185,23,3326,3185,4477052,4452078,30262,4421528,2022-06-30 7:26
2022-06-10,2836,24,3518,2835,4479888,4454913,30286,4425046,2022-06-30 7:26
2022-06-11,2501,28,2917,2501,4482389,4457414,30314,4427963,2022-06-30 7:26
2022-06-12,2474,20,4236,2474,4484863,4459888,30334,4432199,2022-06-30 7:26
2022-06-13,1801,15,2330,1795,4486664,4461683,30349,4434529,2022-06-30 7:26
2022-06-14,1833,19,2155,1832,4488497,4463515,30368,4436684,2022-06-30 7:26
2022-06-15,2263,18,2109,2259,4490760,4465774,30386,4438793,2022-06-30 7:26
2022-06-16,2153,17,2512,2149,4492913,4467923,30403,4441305,2022-06-30 7:26
2022-06-17,1967,19,2123,1966,4494880,4469889,30422,4443428,2022-06-30 7:26
2022-06-18,2272,23,1964,2266,4497152,4472155,30445,4445392,2022-06-30 7:26
2022-06-19,1892,22,1874,1888,4499044,4474043,30467,4447266,2022-06-30 7:26
2022-06-20,1784,18,2166,1783,4500828,4475826,30485,4449432,2022-06-30 7:26
2022-06-21,1714,21,2137,1711,4502542,4477537,30506,4451569,2022-06-30 7:26
2022-06-22,2387,19,1683,2383,4504929,4479920,30525,4453252,2022-06-30 7:26
2022-06-23,2299,18,1783,2294,4507228,4482214,30543,4455035,2022-06-30 7:26
2022-06-24,2313,16,1489,2309,4509541,4484523,30559,4456524,2022-06-30 7:26
2022-06-25,2236,16,1892,2235,4511777,4486758,30575,4458416,2022-06-30 7:26
2022-06-26,2378,17,1834,2376,4514155,4489134,30592,4460250,2022-06-30 7:26
2022-06-27,1735,15,2138,1734,4515890,4490868,30607,4462388,2022-06-30 7:26
2022-06-28,1761,13,2185,1757,4517651,4492625,30620,4464573,2022-06-30 7:26
2022-06-29,2569,14,1984,2569,4520220,4495194,30634,4466557,2022-06-30 7:26
2022-06-30,2695,14,1779,2690,4522915,4497884,30648,4468336,2022-06-30 7:26
2022-07-01,2354,16,2154,2350,4525269,4500234,30664,4470490,2022-07-01 7:26
2022-07-02,2508,17,1883,2508,4527777,4502742,30681,4472373,2022-07-02 7:24
2022-07-03,2328,19,2043,2325,4530105,4505067,30700,4474416,2022-07-03 7:25
2022-07-04,1995,18,2148,1993,4532100,4507060,30718,4476564,2022-07-04 7:24
2022-07-05,1917,18,2282,1914,4534017,4508974,30736,4478846,2022-07-05 10:20
2022-07-06,2428,22,2049,2425,4536445,4511399,30758,4480895,2022-07-06 7:25
2022-07-07,2366,20,2234,2362,4538811,4513761,30778,4483129,2022-07-07 7:23
2022-07-08,2144,20,1946,2144,4540955,4515905,30798,4485075,2022-07-08 7:28
2022-07-09,2084,15,2417,2083,4543039,4517988,30813,4487492,2022-07-09 13:39
2022-07-10,2004,22,2159,2003,4545043,4519991,30835,4489651,2022-07-10 7:24
2022-07-11,1811,24,2268,1811,4546854,4521802,30859,4491919,2022-07-11 7:25
2022-07-12,1679,23,2115,1679,4548533,4523481,30882,4494034,2022-07-12 7:24
2022-07-13,2391,25,1901,2391,4550924,4525872,30907,4495935,2022-07-13 7:27
2022-07-14,2257,28,2120,2256,4553181,4528128,30935,4498055,2022-07-14 7:24
2022-07-15,1795,23,1920,1795,4554976,4529923,30958,4499975,2022-07-15 7:24
2022-07-16,2025,20,2181,2023,4557001,4531946,30978,4502156,2022-07-16 7:25
2022-07-17,2028,18,2578,2028,4559029,4533974,30996,4504734,2022-07-17 7:24
2022-07-18,1814,17,2361,1813,4560843,4535787,31013,4507095,2022-07-18 7:25
2022-07-19,2125,18,2501,2125,4562968,4537912,31031,4509596,2022-07-19 7:24
2022-07-20,2886,19,2029,2884,4565854,4540796,31050,4511625,2022-07-20 7:25
2022-07-21,2607,23,2318,2607,4568461,4543403,31073,4513943,2022-07-21 7:24
2022-07-22,2424,25,1816,2424,4570885,4545827,31098,4515759,2022-07-22 7:24
2022-07-23,2578,29,1877,2577,4573463,4548404,31127,4517636,2022-07-23 7:25
2022-07-24,2390,30,2358,2390,4575853,4550794,31157,4519994,2022-07-24 7:23
2022-07-25,1740,32,2425,1740,4577593,4552534,31189,4522419,2022-07-25 7:25
2022-07-26,1828,35,2173,1828,4579421,4554362,31224,4524592,2022-07-27 7:25
2022-07-27,2747,34,2099,2747,4582168,4557109,31258,4526691,2022-07-27 7:25
2022-07-28,1902,32,2129,1901,4584070,4559010,31290,4528820,2022-07-28 7:24
2022-07-29,2480,37,1853,2480,4586550,4561490,31327,4530673,2022-07-29 7:25
2022-07-30,1962,32,2157,1961,4588512,4563451,31359,4532830,2022-07-30 7:25
2022-07-31,1664,26,2800,1663,4590176,4565114,31385,4535630,2022-07-31 7:24
2022-08-01,2108,19,2540,2107,4592284,4567221,31404,4538170,2022-08-01 7:25
2022-08-02,1843,27,2514,1843,4594127,4569064,31431,4540684,2022-08-02 7:25
2022-08-03,2432,32,2472,2431,4596559,4571495,31463,4543156,2022-08-03 7:25
2022-08-04,2166,29,2700,2166,4598725,4573661,31492,4545856,2022-08-04 7:25
2022-08-05,2253,34,2483,2253,4600978,4575914,31526,4548339,2022-08-05 7:25
2022-08-06,2381,35,2209,2381,4603359,4578295,31561,4550548,2022-08-06 7:24
2022-08-07,2250,35,1939,2249,4605609,4580544,31596,4552487,2022-08-07 11:11
2022-08-08,1842,34,2015,1842,4607451,4582386,31630,4554502,2022-08-08 7:25
2022-08-09,1955,33,2294,1954,4609406,4584340,31663,4556796,2022-08-09 7:26
2022-08-10,2335,32,2151,2335,4611741,4586675,31695,4558947,2022-08-10 7:26
2022-08-11,2316,35,2076,2316,4614057,4588991,31730,4561023,2022-08-11 7:24
2022-08-12,2455,33,2142,2455,4616512,4591446,31763,4563165,2022-08-12 7:25
2022-08-13,2140,35,1898,2139,4618652,4593585,31798,4565063,2022-08-13 7:26
2022-08-14,1773,30,2576,1773,4620425,4595358,31828,4567639,2022-08-14 7:25
2022-08-15,1663,30,2335,1663,4622088,4597021,31858,4569974,2022-08-15 7:25
2022-08-16,1508,29,2023,1508,4623596,4598529,31887,4571997,2022-08-16 7:25
2022-08-17,2461,28,2243,2460,4626057,4600989,31915,4574240,2022-08-17 7:25
2022-08-18,2143,29,2023,2142,4628200,4603131,31944,4576263,2022-08-18 8:53
2022-08-19,2110,27,2028,2110,4630310,4605241,31971,4578291,2022-08-19 7:25
2022-08-20,1902,29,1986,1902,4632212,4607143,32000,4580277,2022-08-20 7:26
2022-08-21,1968,27,2252,1966,4634180,4609109,32027,4582529,2022-08-21 7:24
2022-08-22,1531,28,2298,1531,4635711,4610640,32055,4584827,2022-08-22 7:25
2022-08-23,1488,26,2394,1488,4637199,4612128,32081,4587221,2022-08-23 7:26
2022-08-24,2062,28,2100,2062,4639261,4614190,32109,4589321,2022-08-24 7:26
2022-08-25,2002,29,1742,2002,4641263,4616192,32138,4591063,2022-08-25 7:25
2022-08-26,1749,28,1601,1749,4643012,4617941,32166,4592664,2022-08-26 7:25
2022-08-27,1631,29,1667,1631,4644643,4619572,32195,4594331,2022-08-27 7:25
2022-08-28,1769,27,2305,1769,4646412,4621341,32222,4596636,2022-08-28 7:25
2022-08-29,1273,26,2198,1273,4647685,4622614,32248,4598834,2022-08-29 7:25
2022-08-30,994,27,2111,993,4648679,4623607,32275,4600945,2022-08-30 7:26
2022-08-31,2240,28,1917,2240,4650919,4625847,32303,4602862,2022-08-31 7:26
